,subjectID
0,sub-1103
1,sub-1110
2,sub-1112
3,sub-1113
4,sub-1184
5,sub-1208
6,sub-1210
7,sub-1241
8,sub-1262
9,sub-1271
10,sub-1293
11,sub-1302
12,sub-1372
13,sub-1382
14,sub-1391
15,sub-1401
16,sub-1443
17,sub-1460
18,sub-1490
19,sub-1505
20,sub-1673
21,sub-1676
22,sub-1691
23,sub-1706
24,sub-1714
25,sub-1715
26,sub-1750
27,sub-1751
28,sub-1756
29,sub-1762
30,sub-1768
31,sub-1790
32,sub-1798
33,sub-1812
34,sub-1818
35,sub-1868
36,sub-1869
37,sub-1878
38,sub-1887
39,sub-1901
40,sub-1916
41,sub-1921
42,sub-1936
43,sub-1939
44,sub-1940
45,sub-1951
46,sub-1964
47,sub-1966
